end station name,trips
1 Ave & E 110 St,848
1 Ave & E 16 St,3602
1 Ave & E 18 St,2935
1 Ave & E 30 St,2869
1 Ave & E 39 St,3145
1 Ave & E 44 St,1192
1 Ave & E 5 St,2412
1 Ave & E 62 St,3221
1 Ave & E 68 St,6909
1 Ave & E 78 St,3246
1 Ave & E 94 St,1260
1 Pl & Clinton St,349
10 Ave & W 28 St,2594
10 St & 2 Ave,250
10 St & 5 Ave,420
10 St & 7 Ave,528
11 Ave & W 27 St,1723
11 Ave & W 41 St,3333
11 Ave & W 59 St,1872
11 St & 35 Ave,46
11 St & 43 Ave,197
12 Ave & W 125 St,355
12 Ave & W 40 St,2675
12 St & 4 Ave,357
14 St & 5 Ave,687
14 St & 7 Ave,557
18 St & 27 Ave,17
19 St & 24 Ave,205
2 Ave & 36 St,396
2 Ave & E 104 St,680
2 Ave & E 122 St,319
2 Ave & E 125 St,402
2 Ave & E 31 St,3342
2 Ave & E 72 St,2856
2 Ave & E 96 St,1852
2 Ave & E 99 St,714
21 St & 23 Ave,44
21 St & 31 Dr,472
21 St & 36 Ave,173
21 St & 38 Ave,81
21 St & 43 Ave,183
21 St & Hoyt Ave S,289
21 St & Queens Plaza North,410
23 Ave & 27 St,189
24 Ave & 26 St,152
24 Ave & 29 St,224
24 St & 38 Ave,2
24 St & 41 Ave,290
27 Ave & 3 St,183
27 Ave & 9 St,216
27 St & Hunter St,434
28 Ave & 35 St,342
28 Ave & 44 St,240
28 St & 36 Ave,194
28 St & 41 Ave,415
3 Ave & 14 St,282
3 Ave & Carroll St,278
3 Ave & E 100 St,396
3 Ave & E 112 St,241
3 Ave & E 163 St,97
3 Ave & E 170 St,141
3 Ave & E 172 St,34
3 Ave & E 174 St,95
3 Ave & E 62 St,1406
3 Ave & E 71 St,907
3 Ave & E 72 St,1042
3 Ave & Franklin Ave,64
3 Ave & Schermerhorn St,934
3 St & 3 Ave,583
3 St & 7 Ave,849
3 St & Hoyt St,276
3 St & Prospect Park West,906
30 Ave & 21 St,231
31 Ave & 14 St,218
31 Ave & 30 St,394
31 Ave & 34 St,516
31 Ave & Crescent St,498
31 Ave & Steinway St,629
31 St & 23 Ave,674
31 St & Astoria Blvd,296
31 St & Broadway,710
31 St & Hoyt Ave N,222
31 St & Newtown Ave,844
31 St & Northern Blvd,331
31 St & Thomson Ave,265
34 Ave & 13 St,124
34 Ave & 21 St,183
34 Ave & 31 St,27
34 Ave & 38 St,654
34 St & 35 Ave,294
34th Ave & Vernon Blvd,55
35 Ave & 10 St,195
35 Ave & 37 St,330
35 St & 23 Ave,10
35 St & 34 Ave,257
35 St & Broadway,445
36 Ave & 10 St,254
36 Ave & 31 St,523
37 Ave & 35 St,229
37 St & 24 Ave,229
38 Ave & 29 St,276
39 St & 2 Ave,177
4 Ave & 9 St,461
4 Ave & E 12 St,2323
40 Ave & 9 St,208
40 Ave & Crescent St,217
43 St & Broadway,615
44 Dr & 21 St,546
44 Dr & Jackson Ave,565
45 Rd & 11 St,610
46 Ave & 5 St,764
47 Ave & 31 St,273
47 Ave & Skillman Ave,79
48 Ave & 30 Pl,156
48 Ave & 5 St,177
49 Ave & 21 St,131
5 Av & W 139 St,451
5 Ave & 3 St,978
5 Ave & E 103 St,1549
5 Ave & E 126 St,618
5 Ave & E 135 St,301
5 Ave & E 29 St,2361
5 Ave & E 63 St,1155
5 Ave & E 72 St,2631
5 Ave & E 78 St,1966
5 Ave & E 88 St,2324
5 Ave & E 93 St,982
5 Ave & W 131 St,374
5 St & 51 Ave,113
5 St & 6 Ave,326
6 Ave & 12 St,351
6 Ave & 9 St,545
6 Ave & Broome St,2281
6 Ave & Canal St,892
6 Ave & W 33 St,3798
6 Ave & W 34 St,3206
6 Ave & W 45 St,1900
6 St & 7 Ave,532
7 Ave & Central Park South,2239
7 Ave & Park Pl,830
7 St & 3 Ave,301
7 St & 5 Ave,534
8 Ave & W 16 St,1970
8 Ave & W 31 St,2680
8 Ave & W 33 St,3096
8 Ave & W 38 St,3359
8 Ave & W 52 St,2986
8 St & Astoria Blvd,15
9 Ave & W 18 St,1659
9 Ave & W 22 St,3764
9 Ave & W 28 St,2268
9 Ave & W 45 St,2612
9 St & 44 Rd,128
Adam Clayton Powell Blvd & W 115 St,535
Adam Clayton Powell Blvd & W 118 St,499
Adam Clayton Powell Blvd & W 123 St,634
Adam Clayton Powell Blvd & W 126 St,881
Adam Clayton Powell Blvd & W 130 St,376
Adam Clayton Powell Blvd & W 132 St,435
Adam Clayton Powell Blvd & W 138 St,689
Adam Clayton Powell Blvd & W 141 St,358
Adam Clayton Powell Blvd & W 151 St,113
Adelphi St & Myrtle Ave,824
Albany Ave & Fulton St,156
Alexander Ave & E 134 St,125
Allen St & Hester St,2460
Allen St & Rivington St,2416
Allen St & Stanton St,2492
Amsterdam Ave & W 119 St,325
Amsterdam Ave & W 125 St,476
Amsterdam Ave & W 131 St,110
Amsterdam Ave & W 136 St,125
Amsterdam Ave & W 152 St,111
Amsterdam Ave & W 156 St,96
Amsterdam Ave & W 162 St,147
Amsterdam Ave & W 167 St,152
Amsterdam Ave & W 172 St,91
Amsterdam Ave & W 175 St,53
Amsterdam Ave & W 180 St,34
Amsterdam Ave & W 183 St,140
Amsterdam Ave & W 66 St,929
Amsterdam Ave & W 73 St,3187
Amsterdam Ave & W 82 St,2106
Anderson Ave & W 164 St,21
Astoria Park S & Shore Blvd,404
Atlantic Ave & Fort Greene Pl,1033
Atlantic Ave & Furman St,865
Audobon Ave & W 179 St,78
Avenue C & E 18 St,980
Avenue D & E 10 St,925
Avenue D & E 3 St,1445
Avenue D & E 8 St,1084
Baltic St & 5 Ave,740
Bank St & Hudson St,1972
Bank St & Washington St,1458
Banker St & Meserole Ave,574
Barclay St & Church St,925
Barrow St & Hudson St,1986
Barry St & Tiffany St,5
Bayard St & Baxter St,1779
Bayard St & Leonard St,484
Beaver St & Fayette St,376
Beck St & Leggett Ave,58
Bedford Ave & Bergen St,781
Bedford Ave & Montgomery St,220
Bedford Ave & Nassau Ave,1136
Bedford Ave & S 9 St,271
Bergen Ave & E 152 St,94
Bergen St & Flatbush Ave,731
Bergen St & Smith St,1723
Bergen St & Vanderbilt Ave,756
Berkeley Pl & 6 Ave,445
Berkeley Pl & 7 Ave,897
Berry St & N 8 St,1322
Bialystoker Pl & Delancey St,865
Boerum St & Broadway,437
Bond St & Bergen St,595
Bond St & Fulton St,1190
Boone Ave & E 172 St,55
Boston Rd & E 167 St,51
Boston Rd & Prospect Ave,28
Bradhurst Ave & W 148 St,303
Broad St & Bridge St,548
Broadway & 12 St,273
Broadway & Battery Pl,1520
Broadway & Berry St,1029
Broadway & E 14 St,4406
Broadway & E 22 St,3859
Broadway & Furman Ave,45
Broadway & Hancock St,186
Broadway & Kosciuszko St,237
Broadway & Madison St,327
Broadway & Moylan Pl,514
Broadway & Roebling St,787
Broadway & W 122 St,401
Broadway & W 131 St,294
Broadway & W 133 St,266
Broadway & W 153 St,114
Broadway & W 155 St,167
Broadway & W 160 St,291
Broadway & W 165 St,290
Broadway & W 25 St,3616
Broadway & W 29 St,2526
Broadway & W 36 St,1468
Broadway & W 37 St,1038
Broadway & W 38 St,1778
Broadway & W 41 St,2433
Broadway & W 49 St,2023
Broadway & W 51 St,1475
Broadway & W 53 St,1905
Broadway & W 56 St,2526
Broadway & W 58 St,2980
Broadway & W 60 St,4345
Broadway & Whipple St,637
Bronx Shore Comfort Station,105
Brook Ave & E 138 St,156
Brook Ave & E 141 St,44
Brook Ave & E 148 St,96
Brook Ave & E 157 St,51
Brooklyn Bridge Park - Pier 2,417
Bruckner Blvd & Bryant Ave,26
Bus Slip & State St,441
Bushwick Ave & Dekalb Ave,142
Bushwick Ave & Forrest St,182
Bushwick Ave & Furman Ave,25
Bushwick Ave & Harman St,208
Bushwick Ave & Linden St,177
Bushwick Ave & McKibbin St,176
Bushwick Ave & Powers St,357
Bushwick Ave & Stagg St,137
Butler St & Court St,441
Cabrini Blvd & W 177 St,137
Cadman Plaza E & Johnson St,214
Cadman Plaza E & Red Cross Pl,714
Cadman Plaza E & Tillary St,421
Calyer St & Jewel St,381
Cambridge Pl & Gates Ave,603
Canal St & Rutgers St,2817
Carlton Ave & Dean St,652
Carlton Ave & Flushing Ave,466
Carlton Ave & Park Ave,390
Carmine St & 6 Ave,3259
Carroll St & 5 Ave,786
Carroll St & 6 Ave,587
Carroll St & Bond St,367
Carroll St & Columbia St,439
Carroll St & Franklin Ave,193
Carroll St & Smith St,765
Carroll St & Washington Ave,113
Cathedral Pkwy & Broadway,1582
Catherine St & Monroe St,1162
Cauldwell Ave & E 158 St,23
Cauldwell Ave & E 161 St,33
Cedar St & Evergreen Ave,99
Cedar St & Myrtle Ave,148
Center Blvd & 48 Ave,253
Center Blvd & 51 Ave,488
Central Ave & Covert St,53
Central Ave & Decatur St,102
Central Ave & Flushing Ave,242
Central Ave & Himrod St,200
Central Ave & Melrose St,145
Central Ave & Starr Street,164
Central Ave & Weirfield St,164
Central Ave & Woodbine St,132
Central Park North & Adam Clayton Powell Blvd,2036
Central Park S & 6 Ave,2557
Central Park W & W 103 St,895
Central Park W & W 91 St,1340
Central Park W & W 97 St,1630
Central Park West & W 68 St,2574
Central Park West & W 72 St,3015
Central Park West & W 76 St,1852
Central Park West & W 85 St,1703
Centre St & Chambers St,1708
Centre St & Seneca Ave,56
Centre St & Worth St,862
Charlotte St & Boston Rd,3
Cherry St,1234
Christopher St & Greenwich St,3403
Clark St & Henry St,1330
Classon Ave & St Marks Ave,577
Clay Ave & Claremont Pkwy,101
Clay Ave & E 173 St,44
Clermont Ave & Lafayette Ave,418
Clermont Ave & Park Ave,345
Cleveland Pl & Spring St,3757
Cliff St & Fulton St,1335
Clinton Ave & Flushing Ave,367
Clinton Ave & Myrtle Ave,1047
Clinton St & 4 Place,435
Clinton St & Centre St,236
Clinton St & Grand St,3750
Clinton St & Joralemon St,1031
Clinton St & Tillary St,576
Clinton St & Union St,590
Coffey St & Conover St,217
College Ave & E 170 St,34
Columbia Heights & Cranberry St,387
Columbia St & Degraw St,376
Columbia St & Kane St,431
Columbia St & Lorraine St,47
Columbia St & Rivington St,1285
Columbia St & W 9 St,86
Columbus Ave & W 103 St,359
Columbus Ave & W 72 St,2739
Columbus Ave & W 95 St,2570
Columbus Dr at Exchange Pl,1
Commerce St & Van Brunt St,283
Concord St & Bridge St,490
Concourse Village East & E 158 St,81
Concourse Village West & E 156 St,51
Congress St & Clinton St,791
Convent Ave & W 135 St,146
Convent Ave & W 151 St,77
Cooper Square & Astor Pl,2319
Court St & Nelson St,389
Court St & State St,1247
Courtlandt Ave & E 149 St,117
Courtlandt Ave & E 157 St,57
Crescent St & 30 Ave,465
Crescent St & 34 Ave,378
Crescent St & 35 Ave,284
Crescent St & Broadway,715
Crescent St & Ditmars Blvd,241
Crotona Park East & E 173 St,16
Crotona Park North & Prospect Ave,47
Cumberland St & Lafayette Ave,644
Cypress Ave & George St,43
Cypress Ave & Palmetto St,52
Dawson St & Intervale Ave,10
DeKalb Ave & Franklin Ave,581
DeKalb Ave & Hudson Ave,889
DeKalb Ave & S Portland Ave,888
DeKalb Ave & Vanderbilt Ave,753
Dean St & 4 Ave,979
Dean St & Franklin Ave,821
Dean St & Hoyt St,587
Degraw St & Hoyt St,399
Degraw St & Smith St,558
Delancey St & Eldridge St,715
Devoe St & Lorimer St,736
Devoe St & Morgan Ave,268
Ditmars Blvd & 19 St,273
Division Ave & Hooper St,380
Division Ave & Marcy Ave,165
Division St & Bowery,1454
Dock 72 Way & Market St,536
Douglass St & 3 Ave,518
Douglass St & 4 Ave,493
Driggs Ave & Lorimer St,559
Driggs Ave & N 9 St,1238
Driggs Ave & N Henry St,655
Duane St & Greenwich St,766
Duffield St & Willoughby St,818
Dwight St & Van Dyke St,160
E 10 St & Avenue A,2977
E 102 St & 1 Ave,1231
E 102 St & Park Ave,733
E 103 St & Lexington Ave,787
E 106 St & 1 Ave,535
E 106 St & Lexington Ave,645
E 106 St & Madison Ave,499
E 109 St & 3 Ave,499
E 11 St & 1 Ave,2288
E 11 St & 2 Ave,2688
E 11 St & Avenue B,2110
E 110 St & Madison Ave,1015
E 114 St & 1 Ave,467
E 115 St & Lexington Ave,579
E 115 St & Madison Ave,383
E 116 St & 2 Ave,527
E 118 St & 1 Ave,499
E 118 St & 3 Ave,624
E 118 St & Madison Ave,528
E 118 St & Park Ave,241
E 12 St & 3 Ave,1876
E 123 St & Lexington Ave,235
E 128 St & 3 Ave,35
E 128 St & Madison Ave,277
E 13 St & Avenue A,4508
E 132 St & Madison Ave,323
E 133 St & Cypress Pl,17
E 134 St & Walnut Ave,33
E 135 St & St Ann's Ave,101
E 138 St & 5 Av,346
E 138 St & Canal St W,68
E 138 St & Cypress Ave,63
E 138 St & Grand Concourse,73
E 138 St & Willow Ave,39
E 141 St & Jackson Ave,22
E 141 St & St Ann's Ave,109
E 142 St & 3 Ave,73
E 144 St & Brook Ave,51
E 147 St & Bergen Ave,118
E 149 St & Eagle Ave,61
E 149 St & Jackson Ave,65
E 149 St & Morris Ave,259
E 149 St & Park Ave,104
E 15 St & 3 Ave,2727
E 150 St & Gerard Ave,130
E 153 St & E 157 St,54
E 155 St & Courtlandt Ave,34
E 156 & Brook Ave,201
E 157 St & River Ave,103
E 158 St & Melrose Ave,58
E 16 St & 5 Ave,2422
E 16 St & Irving Pl,1215
E 160 St & Tinton Ave,32
E 161 St & Park Ave,115
E 161 St & River Ave,280
E 163 St & Tiffany St,30
E 163 St & Union Ave,51
E 165 St & Clay Ave,73
E 165 St & Fox St,15
E 165 St & Jerome Ave,20
E 167 St & Bryant Ave,25
E 167 St & Clay Ave,72
E 167 St & Franklin Ave,38
E 169 St & Fox St,25
E 169 St & Webster Ave,75
E 17 St & Broadway,5944
E 170 St & Clay Ave,40
E 170 St & Webster Ave,113
E 171 St & Webster Ave,90
E 174 St & Longfellow Ave,77
E 174 St & Walton Ave,114
E 19 St & 3 Ave,2170
E 2 St & 2 Ave,1856
E 2 St & Avenue A,2510
E 2 St & Avenue B,2536
E 2 St & Avenue C,1651
E 20 St & 2 Ave,2607
E 20 St & FDR Drive,2205
E 20 St & Park Ave,2420
E 23 St & 1 Ave,2874
E 25 St & 1 Ave,1866
E 25 St & 2 Ave,2856
E 27 St & 1 Ave,3913
E 30 St & Park Ave S,1257
E 31 St & 3 Ave,2750
E 32 St & Park Ave,2454
E 33 St & 1 Ave,4246
E 33 St & 5 Ave,1296
E 39 St & Lexington Ave,2538
E 4 St & 2 Ave,2520
E 41 St & Madison Ave,1441
E 43 St & 2 Ave,1335
E 43 St & 5 Ave,1436
E 44 St & 2 Ave,807
E 45 St & 3 Ave,1271
E 47 St & 1 Ave,1035
E 47 St & 2 Ave,1396
E 47 St & Park Ave,1709
E 48 St & 3 Ave,1114
E 48 St & 5 Ave,2139
E 5 St & Avenue C,1498
E 50 St & Park Ave,364
E 51 St & 1 Ave,1419
E 51 St & 2 Ave,1549
E 51 St & Lexington Ave,1128
E 53 St & 3 Ave,1130
E 53 St & Lexington Ave,1247
E 53 St & Madison Ave,1578
E 54 St & 1 Ave,93
E 55 St & 2 Ave,2343
E 56 St & 3 Ave,1307
E 56 St & Madison Ave,1082
E 58 St &  1 Ave (NW Corner),1414
E 58 St & 1 Ave (NE Corner),739
E 58 St & 3 Ave,2927
E 58 St & Madison Ave,981
E 59 St & Madison Ave,1315
E 6 St & Avenue B,1259
E 6 St & Avenue D,1844
E 60 St & York Ave,654
E 63 St & 3 Ave,1097
E 65 St & 2 Ave,1440
E 66 St & Madison Ave,706
E 67 St & Park Ave,552
E 68 St & 3 Ave,941
E 68 St & Madison Ave,492
E 7 St & Avenue A,3149
E 72 St & Park Ave,1065
E 72 St & York Ave,3135
E 74 St & 1 Ave,2319
E 75 St & 3 Ave,1183
E 76 St & Park Ave,1434
E 77 St & 3 Ave,1353
E 78 St & 2 Ave,1036
E 81 St & 2 Ave,1355
E 81 St & 3 Ave,1216
E 81 St & Park Ave,636
E 81 St & York Ave,1411
E 82 St & East End Ave,1011
E 84 St & 1 Ave,1989
E 84 St & Park Ave,1111
E 85 St & 3 Ave,3034
E 85 St & York Ave,1124
E 88 St & 1 Ave,1887
E 88 St & Park Ave,1168
E 89 St & 3 Ave,1387
E 89 St & York Ave,1391
E 9 St & Avenue C,1201
E 91 St & 2 Ave,1734
E 91 St & Park Ave,1069
E 93 St & 2 Ave,925
E 95 St & 3 Ave,668
E 97 St & 3 Ave,421
E 97 St & Madison Ave,1345
E 98 St & Park Ave,609
East End Ave & E 86 St,725
Eastern Pkwy & Franklin Ave,636
Eastern Pkwy & Washington Ave,395
Edgecombe Ave & W 141 St,510
Edgecombe Ave & W 145 St,475
Edgecombe Ave & W 150 St,81
Edgecombe Ave & W 167 St,53
Eldert St & Bushwick Ave,60
Emerson Pl & Myrtle Ave,777
Engert Ave & McGuinness Blvd,270
Evergreen Ave & Noll St,194
FDR Drive & E 35 St,2656
Faile St & Garrison Ave,3
Fairview Ave & Linden St,101
Flushing Ave & Vanderbilt Ave,944
Flushing Ave & Woodward Ave,132
Forest Ave & Summerfield St,215
Forsyth St & Broome St,2025
Forsyth St & Canal St,2354
Fort Washington Ave & W 173 St,203
Fort Washington Ave & W 183 St,321
Franklin Ave & E 169 St,45
Franklin Ave & Myrtle Ave,332
Franklin Ave & St Marks Ave,378
Franklin St & Dupont St,892
Franklin St & W Broadway,1171
Frederick Douglass Blvd & Harlem River Dr,73
Frederick Douglass Blvd & W 112 St,1430
Frederick Douglass Blvd & W 115 St,959
Frederick Douglass Blvd & W 117 St,1573
Frederick Douglass Blvd & W 129 St,336
Frederick Douglass Blvd & W 145 St,287
Freeman St & Reverend James A Polite Ave,38
Freeman St & Southern Blvd,47
Front St & Gold St,616
Front St & Jay St,1044
Front St & Maiden Ln,789
Front St & Washington St,1529
Frost St & Debevoise Ave,191
Frost St & Meeker Ave,315
Fulton Ave & E 168 St,92
Fulton Ave & E 172 St,12
Fulton Ave & St. Paul's Pl,51
Fulton St & Adams St,1050
Fulton St & Broadway,1933
Fulton St & Clermont Ave,477
Fulton St & Irving Pl,499
Fulton St & Utica Ave,482
Fulton St & Waverly Ave,771
Fulton St & William St,1122
Gansevoort St & Hudson St,1832
Garfield Pl & 8 Ave,583
Garrison Ave & Manida St,9
George St & Wilson Ave,222
Gerard Ave & E 146 St,47
Gerard Ave & E 164 St,42
Gerard Ave & E 165 St,59
Gerard Ave & McClellan St,44
Glenwood Ave,1
Goble Pl & Macombs Rd,95
Graham Ave & Conselyea St,905
Graham Ave & Grand St,817
Graham Ave & Herbert St,303
Graham Ave & Withers St,588
Grand Army Plaza & Central Park S,2920
Grand Army Plaza & Plaza St West,1110
Grand Ave & Bergen St,486
Grand Concourse & E 144 St,107
Grand Concourse & E 156 St,23
Grand Concourse & E 161 St,163
Grand Concourse & E 164 St,80
Grand Concourse & E 166 St,86
Grand Concourse & E 167 St,111
Grand Concourse & E 171 St,125
Grand Concourse & East Mount Eden Ave,92
Grand St & Elizabeth St,4092
Grand St & Greene St,1477
Grand St & Havemeyer St,814
Grant Ave & E 164 St,153
Grant Ave & E 169 St,114
Great Jones St,2706
Green St & McGuinness Blvd,162
Greene Av & Myrtle Av,182
Greene Ave & Grandview Ave,89
Greene Ave & Nostrand Ave,378
Greene Ave & Throop Ave,496
Greenpoint Ave & Manhattan Ave,722
Greenwich Ave & 8 Ave,3526
Greenwich Ave & Charles St,1669
Greenwich St & Hubert St,434
Greenwich St & W Houston St,2040
Grove St & Broadway,374
Halsey St & Broadway,237
Halsey St & Evergreen Ave,97
Halsey St & Tompkins Ave,493
Hamilton Park,1
Hamilton Pl & W 138 St,138
Hamilton Pl & W 140 St,222
Hancock St & Bedford Ave,419
Hancock St & Wyckoff Ave,83
Hanson Pl & Ashland Pl,1781
Harlem River Dr & W 155 St,53
Harman St & Seneca Ave,96
Harrison Pl & Porter Ave,187
Harrison St & Hudson St,545
Hart St & Wyckoff Ave,140
Heights Elevator,2
Henry St & Atlantic Ave,979
Henry St & Bay St,138
Henry St & Degraw St,590
Henry St & Grand St,2578
Henry St & Middagh St,357
Henry St & W 9 St,70
Hicks St & Montague St,1031
Hoe Ave & Jennings St,12
Hope St & Union Ave,961
Howard St & Centre St,1723
Hoyt St & Warren St,211
Hudson St & Reade St,1111
Hudson St & W 13 St,423
Humboldt St & Varet St,305
Hunts Point Ave & Bryant Ave,27
Huron St & Franklin St,756
Icahn Stadium,251
India St & Manhattan Ave,703
India St & West St,580
Intervale Ave & Kelly St,47
Intervale Ave & Westchester Ave,77
Inwood Ave & W 170 St,34
Irving Ave & DeKalb Ave,193
Irving Ave & Halsey St,142
Irving Ave & Harman St,224
Irving Ave & Jefferson St,318
Irving Ave & Palmetto St,123
Jackson Ave & 46 Rd,333
Jackson St & Leonard St,242
Jay St & Tech Pl,982
Jay St & York St,1180
Jefferson Ave & Evergreen Ave,200
Jefferson St & Cypress Ave,185
Jerome Ave & Anderson Ave,46
Jerome Ave & E 164 St,85
Jerome Ave & Ogden Ave,15
John St & William St,947
Johnson St & Gold St,745
Kane St & Clinton St,534
Kent Ave & N 7 St,2043
Kent Ave & S 11 St,936
Kent St & McGuinness Blvd,203
Kingsland Ave & Nassau Ave,640
Kingston Ave & Herkimer St,546
Knickerbocker Ave & Cooper St,84
Knickerbocker Ave & George St,256
Knickerbocker Ave & Halsey St,116
Knickerbocker Ave & Hancock St,97
Knickerbocker Ave & Thames St,343
Kosciuszko St & Nostrand Ave,403
Kosciuszko St & Tompkins Ave,354
LaGuardia Pl & W 3 St,2086
Lafayette Ave & Classon Ave,580
Lafayette Ave & Fort Greene Pl,1136
Lafayette Ave & Hunts Point Ave,21
Lafayette Ave & St James Pl,590
Lafayette St & E 8 St,3014
Lafayette St & Jersey St,2770
Laight St & Hudson St,404
Lawrence St & Willoughby St,1110
Lefferts Pl & Franklin Ave,367
Lenox Ave & W 111 St,1344
Lenox Ave & W 115 St,692
Lenox Ave & W 117 St,1094
Lenox Ave & W 126 St,1374
Lenox Ave & W 130 St,566
Lenox Ave & W 133 St,369
Lenox Ave & W 144 St,239
Lenox Ave & W 146 St,141
Leonard St & Boerum St,268
Leonard St & Church St,1313
Leonard St & Maujer St,676
Leonard St & Nassau Ave,786
Lewis Ave & Decatur St,303
Lewis Ave & Kosciuszko St,356
Lewis Ave & Madison St,604
Lexington Ave & Classon Ave,471
Lexington Ave & E 111 St,781
Lexington Ave & E 120 St,474
Lexington Ave & E 127 St,187
Lexington Ave & E 128 St,140
Lexington Ave & E 24 St,722
Lexington Ave & E 26 St,2544
Lexington Ave & E 29 St,2029
Lexington Ave & E 36 St,1860
Liberty St & Nassau St,754
Lincoln Ave & E 134 St,94
Lincoln Ave & E 138 St,211
Lincoln Pl & Classon Ave,179
Linden St & Knickerbocker Ave,44
Lispenard St & Broadway,1657
Little West St & 1 Pl,2321
Longfellow Ave & E 165 St,34
Longwood Ave & Southern Blvd,71
Lorimer St & Broadway,122
Lorimer St & Calyer St,517
Louis Nine Blvd & Intervale Ave,22
MacDougal St & Prince St,2338
MacDougal St & Washington Sq,1642
Macombs Pl & W 152 St,138
Macon St & Nostrand Ave,671
Madison Av & E 51 St,1253
Madison Ave & E 120 St,353
Madison Ave & E 26 St,1462
Madison Ave & E 82 St,1159
Madison Ave & E 99 St,1060
Madison St & Clinton St,1257
Madison St & Cypress Ave,95
Madison St & Evergreen Ave,84
Madison St & Forest Ave,151
Madison St & Montgomery St,997
Madison St & Seneca Ave,111
Madison St & Woodward Ave,130
Maiden Ln & Pearl St,695
Manhattan Av & Leonard St,266
Marcus Garvey Blvd & Macon St,338
Marcy Ave & Lafayette Ave,329
Market St & Cherry St,977
McGuinness Blvd & Eagle St,774
McKibbin St & Bogart St,382
McKibbin St & Manhattan Ave,362
Melrose Ave & E 150 St,259
Melrose Ave & E 154 St,62
Melrose St & Broadway,334
Menahan St & Central Ave,94
Menahan St & Onderdonk Ave,97
Menahan St & Seneca Ave,113
Menahan St & Wyckoff Ave,132
Mercer St & Bleecker St,2081
Mercer St & Spring St,2123
Meserole Ave & Manhattan Ave,937
Metropolitan Ave & Bedford Ave,2175
Metropolitan Ave & Meeker Ave,622
Metropolitan Ave & Stewart Ave,50
Metropolitan Ave & Vandervoort Ave,47
Milton St & Franklin St,1204
Moffat St & Bushwick,77
Monroe St & Bedford Ave,622
Monroe St & Classon Ave,291
Monroe St & Tompkins Ave,560
Montague St & Clinton St,916
Montgomery St & Franklin Ave,101
Montrose Ave & Bushwick Ave,570
Morgan Ave & Lombardy St,284
Morgan Ave & Maspeth Ave,190
Morningside Ave & W 123 St,554
Morningside Dr & Amsterdam Ave,236
Morris Ave & E 142 St,106
Morris Ave & E 153 St,29
Morris Ave & E 163 St,2
Morris Ave & E 171 St,1
Morris Ave & McClellan St,93
Motorgate,643
Mott St & Prince St,2855
Mount Eden Pkwy & Eastburn Ave,35
Mt Morris Park W & W 120 St,700
Murray St & Greenwich St,2161
Murray St & West St,1262
Myrtle Ave & Grove St,76
Myrtle Ave & Lewis Ave,230
Myrtle Ave & Linden St,260
Myrtle Ave & Marcy Ave,331
Myrtle Ave & St Edwards St,458
N 11 St & Kent Ave,360
N 12 St & Bedford Ave,718
N 15 St & Wythe Ave,324
N 6 St & Bedford Ave,1698
Nassau Ave & Newell St,644
Nassau Ave & Russell St,706
Nassau St & Navy St,728
Nelson Ave & W 172 St,111
Newport PATH,1
Newton Rd & 44 St,296
Newtown Ave & 23 St,513
Norfolk St & Broome St,2534
Norman St & Wyckoff Ave,198
North Moore St & Greenwich St,1335
Nostrand Ave & Myrtle Ave,350
Ogden Ave & Merriam Ave,20
Ogden Ave & W 164 St,113
Ogden Ave & W 165 St,60
Old Broadway & W 133 St,56
Old Fulton St,831
Old Slip & South St,238
Onderdonk Ave & Dekalb Ave,129
Onderdonk Ave & Gates Ave,128
Pacific St & Classon Ave,120
Pacific St & Nevins St,599
Park Ave & E 124 St,1000
Park Ave & E 162 St,84
Park Ave & Marcus Garvey Blvd,362
Park Ave & St Edwards St,317
Park Pl & Church St,724
Park Pl & Franklin Ave,397
Park Pl & Vanderbilt Ave,754
Paulus Hook,1
Pearl St & Hanover Square,1339
Pearl St & Peck Slip,1049
Perry St & Bleecker St,1764
Perry St & Greenwich Ave,1074
Pershing Square North,3806
Pershing Square South,1649
Pier 40 - Hudson River Park,2625
Pierrepont St & Monroe Pl,514
Pike St & E Broadway,1797
Pike St & Monroe St,1233
Pioneer St & Richards St,75
Pioneer St & Van Brunt St,213
Pitt St & Stanton St,462
Plaza Dr & W 170 St,127
Plaza St West & Flatbush Ave,657
Pleasant Ave & E 116 St,1556
Pleasant Ave & E 120 St,412
Powers St & Olive St,211
President St & Henry St,401
Prospect Ave & E 151 St,71
Prospect Ave & E 167 St,63
Prospect Ave & Jennings St,9
Prospect Ave & Longwood Ave,49
Prospect Park West & 8 St,665
Prospect Pl & 6 Ave,420
Prospect Pl & Underhill Ave,422
Pulaski St & Marcus Garvey Blvd,293
Putnam Ave & Knickerbocker Ave,108
Putnam Ave & Nostrand Ave,246
Putnam Ave & Throop Ave,366
Putnam Ave & Wyckoff Ave,127
Queens Plaza North & Crescent St,1633
Railroad Ave & Kay Ave,66
Reade St & Broadway,1046
Richards St & Delavan St,117
Richardson St & N Henry St,365
River Ave & E 151 St,330
River Ave & E 153 St,185
River Ave & McClellan St,66
Riverside Blvd & W 67 St,1727
Riverside Dr & W 104 St,987
Riverside Dr & W 138 St,237
Riverside Dr & W 145 St,191
Riverside Dr & W 148 St,228
Riverside Dr & W 153 St,174
Riverside Dr & W 72 St,1594
Riverside Dr & W 78 St,599
Riverside Dr & W 82 St,1093
Riverside Dr & W 91 St,808
Riverview Park,2
Rivington St & Chrystie St,1563
Rivington St & Ridge St,1438
Rockaway Ave & Bainbridge St,261
Roebling St & N 4 St,704
Rogers Ave & Sterling St,543
Roosevelt Island Tramway,543
S 3 St & Bedford Ave,997
S 4 St & Rodney St,693
S 4 St & Wythe Ave,1515
S 5 Pl & S 5 St,2279
S Portland Ave & Hanson Pl,629
Sands St Gate,754
Schermerhorn St & Bond St,1071
Schermerhorn St & Court St,942
Scholes St & Manhattan Ave,785
Seneca Ave & Irvine St,9
Shakespeare Ave & W 169 St,85
Sharon St & Olive St,415
Sheridan Ave & E 168 St,121
Sheridan Ave & E 172 St,20
Sherman Ave & E 166 St,48
Sigourney St & Columbia St,207
Smith St & 3 St,476
Smith St & 9 St,370
Somers St & Broadway,33
South St & Gouverneur Ln,1212
South St & Whitehall St,787
Southern Blvd & Avenue St. John,51
Southern Blvd & E 142 St,9
Southern Blvd & E 149 St,59
Southern Blvd & E 172 St,50
Southern Blvd & E 174 St,10
Southern Blvd & E 175 St,78
Southern Blvd & Tiffany St,60
Southpoint Park,89
Spring St & Hudson St,222
Spruce St & Nassau St,1104
St Ann's Ave & Westchester Ave,48
St James Pl & Oliver St,1166
St James Pl & Pearl St,592
St Johns Pl & Washington Ave,525
St Marks Pl & 1 Ave,2677
St Marks Pl & 2 Ave,1863
St Mary's St & Jackson Ave,66
St Nicholas Ave & E 134 St,461
St Nicholas Ave & Manhattan Ave,1328
St Nicholas Ave & W 137 St,239
St Nicholas Ave & W 150 St,276
St. Ann's Av & Bruckner Blvd,36
St. Ann's Ave & E 144 St,52
St. Nicholas Ave & W 126 St,1201
St. Nicholas Ave & W 155 St,148
St. Nicholas Ave & W 157 St,117
St. Nicholas Terrace & Convent Ave,106
Stagg St & Morgan Ave,174
Stagg St & Union Ave,991
Stanhope St & Fairview Ave,77
Stanton St & Chrystie St,2003
Stanton St & Mangin St,708
Stanton St & Norfolk St,1536
State St & Smith St,1017
Steinway St & 23 Ave,330
Steinway St & 28 Ave,678
Stephen St & Seneca Ave,16
Sterling Pl & Bedford Ave,584
Sterling St & Bedford Ave,338
Stewart Ave & Johnson Ave,73
Stockholm St & Wilson Ave,343
Stuyvesant Walk & 1 Av Loop,239
Suffolk St & Stanton St,2129
Sullivan Pl & Bedford Ave,183
Sullivan Pl & Franklin Ave,725
Sullivan St & Washington Sq,1540
Sunken Meadow Comfort Station,114
Suydam St & Broadway,363
Suydam St & Knickerbocker Ave,444
Suydam St & St. Nicholas Ave,85
Thompson St & Bleecker St,359
Throop Ave & Myrtle Ave,214
Tinton Ave & E 165 St,101
Tompkins Ave & Hopkins St,287
Underhill Ave & Lincoln Pl,620
Underhill Ave & Pacific St,520
Union Ave & E 169 St,16
Union Ave & Jackson St,420
Union Ave & N 12 St,1046
Union Ave & Wallabout St,358
Union St & 4 Ave,985
Union St & Bedford Ave,209
Union St & Nevins St,317
University Ave & W 168 St,12
University Pl & E 14 St,4324
University Pl & E 8 St,2755
Van Brunt St & Van Dyke St,441
Van Brunt St & Wolcott St,377
Van Buren St & Broadway,180
Van Sinderen Ave & Truxton St,103
Vernon Blvd & 10 St,470
Vernon Blvd & 30 Rd,356
Vernon Blvd & 31 Ave,315
Vernon Blvd & 41 Rd,246
Vernon Blvd & 47 Rd,326
Vernon Blvd & 50 Ave,760
Verona Pl & Fulton St,310
Vesey Pl & River Terrace,1473
W 10 St & Washington St,180
W 100 St & Broadway,1995
W 100 St & Manhattan Ave,1728
W 104 St & Amsterdam Ave,752
W 106 St & Amsterdam Ave,1024
W 106 St & Central Park West,1248
W 107 St & Columbus Ave,555
W 11 St & 6 Ave,1576
W 110 St & Amsterdam Ave,1070
W 113 St & Broadway,997
W 116 St & Amsterdam Ave,603
W 116 St & Broadway,620
W 120 St & Claremont Ave,461
W 129 St & Convent Ave,220
W 13 St & 5 Ave,2281
W 13 St & 7 Ave,2118
W 133 St & 12 Ave,84
W 135 St & Lenox Terrace Pl,384
W 140 St & Riverside Dr,148
W 144 St & Adam Clayton Powell Blvd,225
W 145 St & Amsterdam Ave,280
W 146 St & Broadway,299
W 147 St & Adam Clayton Powell Blvd,225
W 148 St & Amsterdam Ave,239
W 15 St & 10 Ave,1024
W 15 St & 6 Ave,2743
W 15 St & 7 Ave,2505
W 155 St & Frederick Douglass Blvd,124
W 159 St & Edgecombe Ave,49
W 16 St & The High Line,1746
W 160 St & St. Nicholas Ave,136
W 163 St & Edgecombe Ave,22
W 163 St & Riverside Dr,84
W 165 St & Fort Washington Ave,230
W 167 St & St. Nicholas Ave,4
W 169 St & Fort Washington Ave,621
W 17 St & 8 Ave,1215
W 170 St & University Ave,50
W 171 St & St. Nicholas Ave,202
W 18 St & 6 Ave,2533
W 18 St & 9 Ave,770
W 180 St & Ft Washington Ave,231
W 181 St & Riverside Dr,180
W 20 St & 10 Ave,2222
W 20 St & 7 Ave,2266
W 20 St & 8 Ave,2239
W 21 St & 6 Ave,5919
W 22 St & 10 Ave,3103
W 22 St & 8 Ave,3037
W 24 St & 7 Ave,3343
W 25 St & 6 Ave,2134
W 26 St & 10 Ave,1536
W 26 St & 8 Ave,2844
W 27 St & 7 Ave,2610
W 30 St & 10 Ave,2922
W 31 St & 7 Ave,3191
W 33 St & 7 Ave,3438
W 34 St & 11 Ave,1800
W 35 St & 9 Ave,669
W 35 St & Dyer Ave,905
W 36 St & 9 Ave,1465
W 37 St & 10 Ave,2358
W 37 St & 5 Ave,1481
W 4 St & 7 Ave S,2812
W 40 St & 5 Ave,2023
W 41 St & 8 Ave,3384
W 42 St & 6 Ave,2425
W 42 St & 8 Ave,2033
W 42 St & Dyer Ave,1665
W 43 St & 10 Ave,3220
W 44 St & 11 Ave,773
W 44 St & 5 Ave,1636
W 45 St & 8 Ave,1718
W 46 St & 11 Ave,1216
W 47 St & 10 Ave,2826
W 47 St & 6 Ave,855
W 48 St & Rockefeller Plaza,1177
W 49 St & 8 Ave,2610
W 50 St & 10 Ave,647
W 50 St & 9 Ave,1716
W 51 St & 6 Ave,1475
W 51 St & Rockefeller Plaza,1220
W 52 St & 11 Ave,1100
W 52 St & 6 Ave,1377
W 53 St & 10 Ave,2197
W 54 St & 11 Ave,860
W 54 St & 9 Ave,1776
W 55 St & 6 Ave,2338
W 56 St & 10 Ave,1425
W 59 St & 10 Ave,2143
W 63 St & Broadway,2266
W 64 St & Thelonious Monk Circle,1755
W 67 St & Broadway,1979
W 70 St & Amsterdam Ave,2421
W 74 St & Columbus Ave,1398
W 76 St & Columbus Ave,1372
W 78 St & Amsterdam Ave,2080
W 82 St & Central Park West,1230
W 84 St & Broadway,1345
W 84 St & Columbus Ave,1544
W 87 St & Amsterdam Ave,1271
W 87 St & West End Ave,1374
W 89 St & Columbus Ave,1493
W 90 St & Amsterdam Ave,1020
W 92 St & Broadway,1074
W 95 St & Broadway,1672
W Broadway & Spring St,1621
W Broadway & W Houston St,1360
Wadsworth Ave & W 175 St,97
Wadsworth Ave & W 179 St,153
Wales Ave & E 147 St,32
Wall St & South St,211
Walnut Ave & E 136 St,62
Walton Ave & E 153 St,60
Walton Ave & E 168 St,102
Walton Ave & E 171 St,144
Wards Meadow Comfort Station,306
Warren St & Court St,591
Warren St & W Broadway,736
Washington Ave & E 163 St,95
Washington Ave & E 167 St,92
Washington Ave & E 174 St,74
Washington Ave & Greene Ave,555
Washington Ave & Park Ave,619
Washington Park,542
Washington Pl & 6 Ave,1614
Washington Pl & Broadway,1661
Washington St,1
Washington St & Gansevoort St,1957
Water - Whitehall Plaza,431
Waterbury St & Stagg St,236
Waterloo Pl & Crotona Park East,30
Watts St & Greenwich St,1264
Webster Ave & E 166 St,47
West Drive & Prospect Park West,1964
West End Ave & W 107 St,1000
West End Ave & W 60 St,2206
West End Ave & W 78 St,889
West End Ave & W 94 St,1063
West Farms Rd & Boone Ave,28
West St & Chambers St,3420
West St & Liberty St,3090
West Thames St,877
Westchester Ave & E 156 St,46
Westchester Ave & Jackson Ave,106
Westchester Ave & Longwood Ave,87
Westchester Ave & Southern Blvd,47
White St & Johnson Ave,85
White St & Moore St,318
Wilkins Ave & Crotona Park E,10
William St & Pine St,1300
Willis Ave & Bruckner Blvd,111
Willis Ave & E 137 St,193
Willis Ave & E 141 St,108
Willis Ave & E 143 St,47
Willoughby Ave & Hall St,720
Willoughby Ave & Myrtle Ave,326
Willoughby Ave & Onderdonk Ave,93
Willoughby Ave & Tompkins Ave,440
Willoughby Ave & Walworth St,606
Willoughby Ave & Wyckoff Ave,199
Willoughby St & Ashland Pl,267
Willoughby St & Fleet St,972
Willow Ave & E 133 St,57
Wilson Ave & Moffat St,138
Wilson Ave & Troutman St,244
Withers St & Kingsland Ave,229
Wolcott St & Dwight St,95
Woodward Ave & Harman St,104
Wyckoff Av & Jefferson St,248
Wyckoff Av & Stanhope St,375
Wyckoff St & Nevins St,459
Wythe Ave & Metropolitan Ave,1462
